上位のページ,クリック数,表示回数,CTR,掲載順位
https://logishift.net/2026/02/15/post-1502/,47,324,14.51%,6.6
https://logishift.net/2026/02/04/post-1358/,27,128,21.09%,6.19
https://logishift.net/,20,232,8.62%,13.16
https://logishift.net/2026/02/06/post-1379/,19,258,7.36%,6.28
https://logishift.net/2026/01/01/post-883/,18,639,2.82%,7.9
https://logishift.net/2026/01/01/post-880/,12,792,1.52%,7.01
https://logishift.net/2026/03/03/post-1690/,10,389,2.57%,6.14
https://logishift.net/about/,10,65,15.38%,8.02
https://logishift.net/2026/01/09/post-1023/,9,146,6.16%,5.46
https://logishift.net/2026/02/09/post-1430/,9,83,10.84%,4.37
https://logishift.net/2026/01/14/post-1080/,8,178,4.49%,8.03
https://logishift.net/2025/12/30/post-865/,8,120,6.67%,8.74
https://logishift.net/2026/01/15/post-1101/,8,55,14.55%,5.62
https://logishift.net/2026/02/03/post-1339/,8,52,15.38%,10.25
https://logishift.net/2026/01/29/post-1279/,7,511,1.37%,6.51
https://logishift.net/2026/02/12/post-1457/,7,173,4.05%,7.95
https://logishift.net/2026/02/20/post-1561/,7,165,4.24%,6.65
https://logishift.net/2026/01/13/post-1071/,7,89,7.87%,4.18
https://logishift.net/2026/01/28/post-1259/,7,78,8.97%,5.24
https://logishift.net/2025/12/14/post-375/,7,60,11.67%,5.13
https://logishift.net/2026/02/11/post-1451/,7,34,20.59%,2.76
https://logishift.net/2026/01/06/post-942/,6,344,1.74%,7.86
https://logishift.net/2026/01/07/post-969/,6,273,2.2%,6.04
https://logishift.net/2026/01/05/post-930/,6,202,2.97%,5.16
https://logishift.net/2026/02/15/post-1499/,6,179,3.35%,5.56
https://logishift.net/2026/01/08/post-1008/,6,164,3.66%,7.91
https://logishift.net/2026/01/22/post-1190/,6,75,8%,6.75
https://logishift.net/2026/02/07/post-1388/,6,72,8.33%,6.56
https://logishift.net/2026/01/17/post-1129/,6,55,10.91%,7.95
https://logishift.net/2026/02/05/post-1364/,6,15,40%,4.87
https://logishift.net/2025/12/12/post-269/,5,161,3.11%,10.39
https://logishift.net/2026/01/06/post-963/,5,135,3.7%,9.23
https://logishift.net/2025/12/09/post-173/,5,126,3.97%,11.17
https://logishift.net/2026/01/08/post-993/,5,103,4.85%,9.3
https://logishift.net/2026/01/22/post-1184/,5,76,6.58%,7.57
https://logishift.net/2026/02/20/post-1558/,5,75,6.67%,3.91
https://logishift.net/2025/12/21/post-764/,4,544,0.74%,10.1
https://logishift.net/2025/12/14/post-404/,4,449,0.89%,5.88
https://logishift.net/2026/01/05/post-939/,4,255,1.57%,7.87
https://logishift.net/2026/01/24/post-1208/,4,202,1.98%,7.38
https://logishift.net/2026/01/13/post-1077/,4,91,4.4%,6.92
https://logishift.net/2026/01/05/post-936/,4,78,5.13%,7.38
https://logishift.net/2026/01/06/post-948/,4,68,5.88%,7.15
https://logishift.net/2026/01/07/post-972/,4,57,7.02%,6
https://logishift.net/2026/01/20/post-1169/,4,55,7.27%,6
https://logishift.net/2026/01/06/post-960/,4,49,8.16%,6.76
https://logishift.net/2026/01/21/post-1178/,4,47,8.51%,4.57
https://logishift.net/2026/02/19/post-1552/,4,47,8.51%,4.94
https://logishift.net/2026/02/23/post-1597/,4,46,8.7%,9.2
https://logishift.net/2026/01/18/post-1132/,4,35,11.43%,4.71
https://logishift.net/2025/12/12/post-331/,4,13,30.77%,4.38
https://logishift.net/2026/02/13/post-1478/,3,311,0.96%,6.77
https://logishift.net/2026/01/23/post-1199/,3,128,2.34%,6.84
https://logishift.net/2026/02/06/post-1385/,3,108,2.78%,7.79
https://logishift.net/2026/01/23/post-1202/,3,68,4.41%,9.04
https://logishift.net/2026/01/12/post-1065/,3,57,5.26%,6.14
https://logishift.net/2026/01/29/post-1276/,3,55,5.45%,5.65
https://logishift.net/2026/01/22/post-1187/,3,33,9.09%,8.61
https://logishift.net/2026/01/24/post-1214/,3,31,9.68%,5.65
https://logishift.net/2026/01/09/post-1029/,3,28,10.71%,4.64
https://logishift.net/2026/02/13/post-1469/,3,23,13.04%,4.65
https://logishift.net/2026/01/28/post-1262/,3,14,21.43%,5.5
https://logishift.net/2026/01/29/post-1273/,3,8,37.5%,2.75
https://logishift.net/2026/01/09/post-1026/,2,205,0.98%,5
https://logishift.net/2026/02/12/post-1466/,2,102,1.96%,4.47
https://logishift.net/2026/02/24/post-1600/,2,95,2.11%,8.15
https://logishift.net/2026/01/03/post-912/,2,66,3.03%,4.7
https://logishift.net/2026/01/08/post-996/,2,65,3.08%,10.95
https://logishift.net/2026/01/18/post-1135/,2,63,3.17%,6.92
https://logishift.net/2025/12/29/post-850/,2,60,3.33%,5.62
https://logishift.net/2026/02/24/post-1609/,2,53,3.77%,7.83
https://logishift.net/2025/12/30/post-868/,2,46,4.35%,5.83
https://logishift.net/2026/01/25/post-1220/,2,46,4.35%,6.15
https://logishift.net/2025/12/09/post-134/,2,38,5.26%,5.95
https://logishift.net/2025/12/18/post-684/,2,38,5.26%,7.47
https://logishift.net/2026/01/05/post-918/,2,36,5.56%,5.5
https://logishift.net/2026/03/02/post-1684/,2,32,6.25%,4.84
https://logishift.net/2025/12/12/post-354/,2,29,6.9%,7.76
https://logishift.net/2025/12/16/post-513/,2,23,8.7%,6.96
https://logishift.net/2025/12/19/post-705/,2,22,9.09%,4.77
https://logishift.net/2025/12/11/post-288/,2,22,9.09%,40
https://logishift.net/2026/02/10/post-1433/,2,20,10%,4.65
https://logishift.net/2026/01/08/post-1005/,2,18,11.11%,7.83
https://logishift.net/2026/02/28/post-1654/,2,18,11.11%,7.89
https://logishift.net/2026/01/27/post-1247/,2,17,11.76%,3.59
https://logishift.net/2025/12/17/post-624/,2,17,11.76%,4.65
https://logishift.net/2026/01/07/post-984/,2,16,12.5%,4.38
https://logishift.net/2026/01/07/post-978/,2,13,15.38%,4
https://logishift.net/2026/02/08/post-1400/,2,9,22.22%,4.89
https://logishift.net/2026/02/14/post-1490/,2,9,22.22%,6.11
https://logishift.net/2026/02/12/post-1463/,2,8,25%,6.25
https://logishift.net/2026/02/26/post-1624/,2,6,33.33%,1.83
https://logishift.net/2026/02/02/post-1336/,2,6,33.33%,3.83
https://logishift.net/2026/01/09/post-1020/,1,516,0.19%,5.63
https://logishift.net/2026/02/15/post-1493/,1,425,0.24%,5.2
https://logishift.net/2025/12/06/post-111/,1,260,0.38%,6.14
https://logishift.net/2025/12/21/post-761/,1,232,0.43%,6.43
https://logishift.net/2025/12/12/post-357/,1,196,0.51%,9.03
https://logishift.net/2026/02/21/post-1567/,1,186,0.54%,4.35
https://logishift.net/2026/01/10/post-1032/,1,178,0.56%,24.24
https://logishift.net/2026/01/07/post-980/,1,137,0.73%,14.11
https://logishift.net/2026/01/06/post-951/,1,131,0.76%,4.79
https://logishift.net/2025/12/12/post-313/,1,96,1.04%,8.25
https://logishift.net/2026/01/12/post-1056/,1,81,1.23%,5.06
https://logishift.net/2026/01/24/post-1217/,1,81,1.23%,7.3
https://logishift.net/2026/03/01/post-1663/,1,80,1.25%,6.1
https://logishift.net/2026/01/10/post-1041/,1,78,1.28%,5.5
https://logishift.net/2025/12/29/post-853/,1,71,1.41%,6.52
https://logishift.net/2026/01/26/post-1241/,1,71,1.41%,7.25
https://logishift.net/2026/01/11/post-1050/,1,63,1.59%,14.4
https://logishift.net/2026/01/27/post-1253/,1,62,1.61%,5.66
https://logishift.net/2026/01/26/post-1238/,1,59,1.69%,6.07
https://logishift.net/2026/01/07/post-987/,1,58,1.72%,7.6
https://logishift.net/2026/01/11/post-1044/,1,51,1.96%,6.33
https://logishift.net/2026/02/23/post-1585/,1,45,2.22%,4.56
https://logishift.net/2026/01/28/post-1270/,1,45,2.22%,7.27
https://logishift.net/category/logistics-dx/,1,45,2.22%,10.71
https://logishift.net/2026/01/14/post-1083/,1,43,2.33%,6.74
https://logishift.net/2026/01/26/post-1244/,1,42,2.38%,4.52
https://logishift.net/2026/01/16/post-1107/,1,41,2.44%,5.32
https://logishift.net/2026/01/30/post-1288/,1,41,2.44%,6.85
https://logishift.net/2026/01/14/post-1086/,1,39,2.56%,7.36
https://logishift.net/2026/01/05/post-915/,1,39,2.56%,9.46
https://logishift.net/2026/02/17/post-1520/,1,36,2.78%,7.39
https://logishift.net/2026/01/08/post-990/,1,34,2.94%,6.82
https://logishift.net/2026/01/19/post-1147/,1,34,2.94%,8.24
https://logishift.net/2025/12/14/post-397/,1,33,3.03%,8.64
https://logishift.net/2026/01/08/post-999/,1,32,3.12%,5.5
https://logishift.net/2026/01/12/post-1062/,1,30,3.33%,5.2
https://logishift.net/2026/01/17/post-1120/,1,30,3.33%,6.97
https://logishift.net/?cat=17,1,29,3.45%,5
https://logishift.net/2025/12/11/post-263/,1,29,3.45%,6.03
https://logishift.net/2026/02/18/post-1531/,1,29,3.45%,7.28
https://logishift.net/2026/02/02/post-1333/,1,28,3.57%,9.43
https://logishift.net/2026/01/15/post-1098/,1,27,3.7%,7.93
https://logishift.net/2026/01/18/post-1138/,1,27,3.7%,8.93
https://logishift.net/2025/12/30/post-859/,1,26,3.85%,5.96
https://logishift.net/?cat=11,1,26,3.85%,16.42
https://logishift.net/2025/12/29/post-844/,1,24,4.17%,13.88
https://logishift.net/2026/02/26/post-1627/,1,23,4.35%,4.22
https://logishift.net/2026/02/25/post-1621/,1,23,4.35%,6
https://logishift.net/2026/01/06/post-945/,1,22,4.55%,4.86
https://logishift.net/2026/01/05/post-921/,1,22,4.55%,4.95
https://logishift.net/2026/02/03/post-1345/,1,22,4.55%,8.32
https://logishift.net/2026/02/03/post-1342/,1,21,4.76%,4.76
https://logishift.net/2025/12/09/post-146/,1,20,5%,6.95
https://logishift.net/2026/03/02/post-1675/,1,20,5%,7.25
https://logishift.net/2026/02/28/post-1657/,1,19,5.26%,5.68
https://logishift.net/2026/01/25/post-1229/,1,19,5.26%,10.63
https://logishift.net/2026/02/16/post-1517/,1,19,5.26%,22.89
https://logishift.net/2026/02/01/post-1318/,1,17,5.88%,18.24
https://logishift.net/2026/02/19/post-1546/,1,16,6.25%,5.88
https://logishift.net/2025/12/30/post-862/,1,16,6.25%,6.94
https://logishift.net/2026/01/17/post-1123/,1,16,6.25%,21.5
https://logishift.net/2026/02/10/post-1442/,1,14,7.14%,5.64
https://logishift.net/2026/01/11/post-1047/,1,14,7.14%,7.57
https://logishift.net/2026/02/27/post-1642/,1,11,9.09%,6
https://logishift.net/2026/01/19/post-1153/,1,10,10%,5.3
https://logishift.net/2026/01/07/post-975/,1,10,10%,6.2
https://logishift.net/2025/12/11/post-301/,1,9,11.11%,5.44
https://logishift.net/2025/12/16/post-507/,1,9,11.11%,13.67
https://logishift.net/2026/02/16/post-1508/,1,9,11.11%,32.22
https://logishift.net/2026/02/21/post-1573/,1,8,12.5%,7.75
https://logishift.net/2026/02/22/post-1579/,1,8,12.5%,7.75
https://logishift.net/tag/usa/,1,7,14.29%,4.71
https://logishift.net/2026/03/03/post-1687/,1,6,16.67%,3
https://logishift.net/tag/cost-reduction/,1,5,20%,11.6
https://logishift.net/2026/01/19/post-1144/,1,3,33.33%,2.67
https://logishift.net/2026/01/20/post-1163/,1,3,33.33%,5.33
https://logishift.net/tag/ecommerce/,1,2,50%,36.5
https://logishift.net/2026/01/12/post-1059/,0,171,0%,9.33
https://logishift.net/2025/12/14/post-400/,0,142,0%,6.84
https://logishift.net/2025/12/15/post-469/,0,112,0%,5.67
https://logishift.net/2026/02/14/post-1484/,0,107,0%,8.05
https://logishift.net/2026/01/06/post-954/,0,101,0%,6.46
https://logishift.net/2026/02/17/post-1523/,0,89,0%,4.8
https://logishift.net/2026/02/09/post-1427/,0,83,0%,6.13
https://logishift.net/2026/02/16/post-1511/,0,81,0%,4.99
https://logishift.net/2026/01/15/post-1095/,0,81,0%,10.8
https://logishift.net/2026/01/26/post-1232/,0,80,0%,5.39
https://logishift.net/2025/12/14/post-430/,0,72,0%,13.31
https://logishift.net/2025/12/16/post-555/,0,71,0%,6.17
https://logishift.net/2026/01/29/post-1282/,0,68,0%,6.84
https://logishift.net/2026/01/19/post-1150/,0,68,0%,25.74
https://logishift.net/2026/01/13/post-1074/,0,66,0%,5.65
https://logishift.net/2026/01/08/post-1011/,0,64,0%,14.61
https://logishift.net/2026/03/02/post-1678/,0,63,0%,3.14
https://logishift.net/2026/01/25/post-1223/,0,63,0%,6.51
https://logishift.net/?cat=14,0,61,0%,57.41
https://logishift.net/2025/12/29/post-847/,0,59,0%,6.15
https://logishift.net/2026/02/22/post-1582/,0,58,0%,5.1
https://logishift.net/2026/01/05/post-933/,0,57,0%,4.86
https://logishift.net/2026/02/20/post-1564/,0,57,0%,6.16
https://logishift.net/2026/02/18/post-1540/,0,54,0%,4.81
https://logishift.net/2025/12/09/post-208/,0,52,0%,5.4
https://logishift.net/2026/01/31/post-1306/,0,52,0%,6.21
https://logishift.net/2026/01/23/post-1205/,0,52,0%,7.56
https://logishift.net/2026/02/09/post-1424/,0,51,0%,4.39
https://logishift.net/2025/12/24/post-799/,0,49,0%,5.41
https://logishift.net/2026/02/11/post-1448/,0,44,0%,7.09
https://logishift.net/2026/01/03/post-909/,0,42,0%,5.02
https://logishift.net/2026/01/05/post-924/,0,42,0%,7.38
https://logishift.net/2026/02/17/post-1526/,0,42,0%,7.86
https://logishift.net/2026/02/02/post-1327/,0,41,0%,7.02
https://logishift.net/2026/01/20/post-1160/,0,39,0%,7.44
https://logishift.net/2026/02/01/post-1315/,0,38,0%,5.05
https://logishift.net/2026/01/06/post-957/,0,38,0%,6.68
https://logishift.net/2026/01/16/post-1110/,0,38,0%,18.21
https://logishift.net/2026/02/12/post-1460/,0,37,0%,6.05
https://logishift.net/2026/01/31/post-1303/,0,37,0%,9.03
https://logishift.net/2026/02/09/post-1421/,0,34,0%,8.68
https://logishift.net/2025/12/11/post-284/,0,34,0%,19.59
https://logishift.net/?cat=16,0,33,0%,18.03
https://logishift.net/2026/02/15/post-1496/,0,32,0%,4.19
https://logishift.net/2026/02/06/post-1382/,0,32,0%,6.41
https://logishift.net/2026/02/21/post-1576/,0,32,0%,6.62
https://logishift.net/2026/01/17/post-1126/,0,32,0%,7.5
https://logishift.net/2026/02/03/post-1348/,0,32,0%,11.72
https://logishift.net/2026/02/25/post-1612/,0,31,0%,4.58
https://logishift.net/2026/01/07/post-966/,0,31,0%,25.97
https://logishift.net/2025/12/14/post-427/,0,30,0%,5.93
https://logishift.net/2025/12/18/post-696/,0,29,0%,8.83
https://logishift.net/2026/02/25/post-1615/,0,27,0%,4.11
https://logishift.net/2025/12/11/post-245/,0,27,0%,6.93
https://logishift.net/2026/01/14/post-1089/,0,27,0%,8.22
https://logishift.net/2026/02/14/post-1487/,0,26,0%,5.08
https://logishift.net/2026/02/17/post-1528/,0,26,0%,7.81
https://logishift.net/2026/02/20/post-1555/,0,25,0%,12
https://logishift.net/2026/02/10/post-1439/,0,24,0%,5.42
https://logishift.net/2025/12/11/post-291/,0,24,0%,6.96
https://logishift.net/2026/02/26/post-1630/,0,24,0%,7.67
https://logishift.net/2026/01/10/post-1038/,0,24,0%,9.29
https://logishift.net/2026/01/01/post-877/,0,24,0%,12.08
https://logishift.net/2026/01/13/post-1068/,0,24,0%,18.25
https://logishift.net/2026/01/25/post-1226/,0,23,0%,4.87
https://logishift.net/2026/02/25/post-1618/,0,22,0%,5.5
https://logishift.net/2026/02/23/post-1594/,0,22,0%,6.77
https://logishift.net/category/material-handling/,0,22,0%,49.41
https://logishift.net/2026/01/05/post-927/,0,21,0%,5.76
https://logishift.net/2026/01/29/post-1285/,0,21,0%,6.9
https://logishift.net/2026/02/18/post-1534/,0,21,0%,7.95
https://logishift.net/2026/01/19/post-1155/,0,20,0%,5.05
https://logishift.net/2026/02/13/post-1472/,0,20,0%,5.15
https://logishift.net/2026/01/21/post-1181/,0,20,0%,6.2
https://logishift.net/2026/02/16/post-1514/,0,20,0%,7.4
https://logishift.net/2025/12/04/post-24/,0,20,0%,8.9
https://logishift.net/privacy-policy/,0,20,0%,9.75
https://logishift.net/2026/02/19/post-1543/,0,20,0%,10.6
https://logishift.net/2026/02/24/post-1606/,0,19,0%,4.37
https://logishift.net/2025/12/07/post-119/,0,19,0%,4.68
https://logishift.net/2026/02/18/post-1537/,0,19,0%,5.37
https://logishift.net/2025/12/14/post-462/,0,19,0%,5.47
https://logishift.net/2026/02/01/post-1312/,0,19,0%,5.63
https://logishift.net/2026/02/05/post-1373/,0,19,0%,7.53
https://logishift.net/2026/02/27/post-1636/,0,18,0%,5.83
https://logishift.net/2026/01/31/post-1309/,0,18,0%,6
https://logishift.net/2026/02/21/post-1570/,0,18,0%,6.11
https://logishift.net/2026/02/07/post-1391/,0,18,0%,6.33
https://logishift.net/2026/02/10/post-1436/,0,18,0%,8.44
https://logishift.net/2025/12/09/post-170/,0,17,0%,6.29
https://logishift.net/2026/02/11/post-1445/,0,17,0%,8.94
https://logishift.net/2025/12/05/post-55/,0,16,0%,4.5
https://logishift.net/2026/01/30/post-1297/,0,16,0%,4.94
https://logishift.net/ranking/,0,16,0%,6.69
https://logishift.net/2026/01/30/post-1294/,0,16,0%,7.25
https://logishift.net/2026/01/22/post-1193/,0,16,0%,15.5
https://logishift.net/2026/02/02/post-1330/,0,16,0%,24.62
https://logishift.net/2026/01/10/post-1035/,0,15,0%,7.87
https://logishift.net/category/news-global/,0,15,0%,16.53
https://logishift.net/2026/01/21/post-1172/,0,14,0%,3
https://logishift.net/2026/01/28/post-1267/,0,14,0%,4.93
https://logishift.net/2025/12/14/post-415/,0,14,0%,5.21
https://logishift.net/2025/12/07/post-115/,0,14,0%,5.29
https://logishift.net/2026/01/03/post-906/,0,14,0%,7.57
https://logishift.net/2026/01/08/post-1014/,0,14,0%,7.71
https://logishift.net/2025/12/22/post-773/,0,14,0%,9
https://logishift.net/2026/01/16/post-1116/,0,14,0%,14.07
https://logishift.net/category/material-handling/page/3/,0,14,0%,66.36
https://logishift.net/2026/01/30/post-1291/,0,13,0%,5.77
https://logishift.net/2026/02/01/post-1321/,0,13,0%,8.69
https://logishift.net/2026/02/04/post-1352/,0,13,0%,11.46
https://logishift.net/2025/12/14/post-424/,0,13,0%,13.62
https://logishift.net/2026/01/24/post-1211/,0,12,0%,3.92
https://logishift.net/2026/01/18/post-1141/,0,12,0%,4.58
https://logishift.net/2025/12/12/post-307/,0,12,0%,7.75
https://logishift.net/2026/01/08/post-1002/,0,12,0%,8.33
https://logishift.net/2026/01/16/post-1104/,0,12,0%,10.42
https://logishift.net/2026/02/04/post-1355/,0,12,0%,23.58
https://logishift.net/category/material-handling/page/2/,0,12,0%,36.67
https://logishift.net/2026/02/16/post-1505/,0,11,0%,3
https://logishift.net/2026/01/26/post-1235/,0,11,0%,5.91
https://logishift.net/2026/01/23/post-1196/,0,11,0%,8.36
https://logishift.net/2025/12/11/post-239/,0,11,0%,9.09
https://logishift.net/category/case-studies/,0,11,0%,13.64
https://logishift.net/tag/quality-improvement/,0,11,0%,15.82
https://logishift.net/2026/02/19/post-1549/,0,10,0%,5.4
https://logishift.net/2026/02/08/post-1409/,0,10,0%,5.9
https://logishift.net/2026/02/04/post-1361/,0,10,0%,6.3
https://logishift.net/2026/01/21/post-1175/,0,10,0%,6.4
https://logishift.net/2025/12/06/post-84/,0,10,0%,6.7
https://logishift.net/2025/12/12/post-275/,0,10,0%,7.8
https://logishift.net/2025/12/12/post-266/,0,10,0%,7.9
https://logishift.net/2025/12/14/post-388/,0,10,0%,7.9
https://logishift.net/2025/12/12/post-337/,0,10,0%,12.5
https://logishift.net/2025/12/16/post-531/,0,9,0%,4.56
https://logishift.net/2026/02/26/post-1633/,0,9,0%,5.44
https://logishift.net/2025/12/10/post-179/,0,9,0%,5.89
https://logishift.net/2025/12/06/post-87/,0,9,0%,7.89
https://logishift.net/2025/12/11/post-295/,0,9,0%,8.22
https://logishift.net/2025/12/12/post-319/,0,8,0%,2.88
https://logishift.net/2025/12/19/post-722/,0,8,0%,5.12
https://logishift.net/2025/12/12/post-328/,0,8,0%,5.38
https://logishift.net/2026/02/02/post-1324/,0,8,0%,6
https://logishift.net/2025/12/12/post-281/,0,8,0%,7.38
https://logishift.net/2025/12/11/post-298/,0,8,0%,10.88
https://logishift.net/2025/12/12/post-334/,0,7,0%,4.14
https://logishift.net/category/weekly-summary/,0,7,0%,5.29
https://logishift.net/2026/02/27/post-1645/,0,7,0%,5.57
https://logishift.net/2026/02/28/post-1651/,0,7,0%,5.71
https://logishift.net/2026/02/07/post-1397/,0,7,0%,6.43
https://logishift.net/tag/retail/,0,7,0%,6.43
https://logishift.net/tag/manufacturing/page/4/,0,7,0%,6.86
https://logishift.net/2025/12/13/post-369/,0,7,0%,9.43
https://logishift.net/2026/02/05/post-1370/,0,7,0%,9.57
https://logishift.net/2026/03/02/post-1672/,0,7,0%,25.29
https://logishift.net/2026/01/15/post-1092/,0,6,0%,2.33
https://logishift.net/2026/02/09/post-1418/,0,6,0%,3.5
https://logishift.net/2025/12/17/post-609/,0,6,0%,4.17
https://logishift.net/page/14/?cat=17,0,6,0%,4.67
https://logishift.net/2026/03/01/post-1666/,0,6,0%,4.83
https://logishift.net/2025/12/11/post-257/,0,6,0%,7.33
https://logishift.net/2025/12/17/post-576/,0,6,0%,7.33
https://logishift.net/2026/01/03/post-900/,0,6,0%,8
https://logishift.net/2025/12/05/post-43/,0,6,0%,8.83
https://logishift.net/2026/03/01/post-1669/,0,6,0%,9.33
https://logishift.net/tag/quality-improvement/page/10/,0,6,0%,11.83
https://logishift.net/?cat=13,0,6,0%,15.67
https://logishift.net/2025/12/14/post-412/,0,6,0%,28
https://logishift.net/2026/02/27/post-1639/,0,5,0%,5
https://logishift.net/2025/12/13/post-360/,0,5,0%,8
https://logishift.net/2025/12/06/post-91/,0,5,0%,8.2
https://logishift.net/2025/12/06/post-102/,0,5,0%,8.4
https://logishift.net/2025/12/08/post-128/,0,5,0%,9.8
https://logishift.net/2026/02/06/post-1376/,0,5,0%,13.2
https://logishift.net/2026/01/20/post-1166/,0,5,0%,13.6
https://logishift.net/2025/12/14/post-439/,0,5,0%,26.4
https://logishift.net/2025/12/10/post-193/,0,4,0%,4
https://logishift.net/2025/12/13/post-366/,0,4,0%,4.75
https://logishift.net/2025/12/18/post-639/,0,4,0%,5.5
https://logishift.net/2026/01/27/post-1250/,0,4,0%,5.75
https://logishift.net/2026/02/23/post-1588/,0,4,0%,5.75
https://logishift.net/2025/12/05/post-40/,0,4,0%,6
https://logishift.net/page/3/?cat=13,0,4,0%,6.75
https://logishift.net/tag/manufacturing/,0,4,0%,6.75
https://logishift.net/2025/12/10/post-190/,0,4,0%,7.75
https://logishift.net/2026/02/11/post-1454/,0,4,0%,8
https://logishift.net/tag/cost-reduction/page/13/,0,4,0%,8
https://logishift.net/2026/02/24/post-1603/,0,4,0%,8.25
https://logishift.net/2025/12/09/post-137/,0,3,0%,1.33
https://logishift.net/2025/12/23/post-793/,0,3,0%,3.67
https://logishift.net/2025/12/11/post-251/,0,3,0%,4
https://logishift.net/tag/3pl-warehouse/,0,3,0%,4
https://logishift.net/2026/02/08/post-1403/,0,3,0%,4.67
https://logishift.net/2025/12/16/post-528/,0,3,0%,5
https://logishift.net/2025/12/22/post-770/,0,3,0%,5
https://logishift.net/2025/12/18/post-669/,0,3,0%,5.67
https://logishift.net/2025/12/12/post-340/,0,3,0%,6
https://logishift.net/2026/01/08/post-1017/,0,3,0%,6
https://logishift.net/2026/02/28/post-1648/,0,3,0%,6.33
https://logishift.net/2025/12/14/post-394/,0,3,0%,7.33
https://logishift.net/2026/01/27/post-1256/,0,3,0%,7.67
https://logishift.net/2026/02/08/post-1406/,0,3,0%,17
https://logishift.net/tag/labor-shortage/,0,3,0%,18.67
https://logishift.net/wp-content/uploads/2026/01/2026-01-05_Boston_Dynamics_shows_Atlas_humanoid_working_at_Georgia_Hyundai_plant_hero.jpg,0,3,0%,21
https://logishift.net/2025/12/05/post-46/,0,3,0%,21.33
https://logishift.net/page/3/?cat=14,0,3,0%,61
https://logishift.net/2025/12/10/post-221/,0,2,0%,2.5
https://logishift.net/2025/12/09/post-149/,0,2,0%,3
https://logishift.net/2025/12/18/post-642/,0,2,0%,3.5
https://logishift.net/tag/medical/,0,2,0%,4
https://logishift.net/2025/12/10/post-215/,0,2,0%,4.5
https://logishift.net/2025/12/12/post-325/,0,2,0%,4.5
https://logishift.net/category/supply-chain/,0,2,0%,4.5
https://logishift.net/2025/12/16/post-546/,0,2,0%,5
https://logishift.net/2025/12/16/post-510/,0,2,0%,5.5
https://logishift.net/2026/01/12/post-1053/,0,2,0%,6
https://logishift.net/contact/,0,2,0%,6.5
https://logishift.net/2025/12/09/post-143/,0,2,0%,7
https://logishift.net/2025/12/10/post-227/,0,2,0%,7
https://logishift.net/2025/12/12/post-322/,0,2,0%,7
https://logishift.net/2025/12/16/post-522/,0,2,0%,7
https://logishift.net/2025/12/19/post-711/,0,2,0%,7
https://logishift.net/2026/03/04/post-1702/,0,2,0%,7
https://logishift.net/author/tarunosuke/page/12/,0,2,0%,7
https://logishift.net/2026/03/02/post-1681/,0,2,0%,7.5
https://logishift.net/2025/12/25/post-816/,0,2,0%,8
https://logishift.net/2025/12/06/post-94/,0,2,0%,9
https://logishift.net/2025/12/11/post-248/,0,2,0%,9
https://logishift.net/2025/12/11/post-260/,0,2,0%,9
https://logishift.net/2026/02/14/post-1481/,0,2,0%,10.5
https://logishift.net/2026/02/05/post-1367/,0,2,0%,11
https://logishift.net/author/tarunosuke/page/2/,0,2,0%,11
https://logishift.net/2025/12/18/post-702/,0,2,0%,12
https://logishift.net/2026/02/23/post-1591/,0,2,0%,13.5
https://logishift.net/category/transportation/,0,2,0%,13.5
https://logishift.net/2025/12/14/post-421/,0,2,0%,14.5
https://logishift.net/category/news-global/page/9/,0,2,0%,15.5
https://logishift.net/tag/safety-bcp/page/7/,0,2,0%,19.5
https://logishift.net/2025/12/14/post-385/,0,2,0%,25.5
https://logishift.net/wp-content/uploads/2026/01/2026-01-22_【PR】Roboware／セミナー「冷食バラ出荷作業を自動化！仕分けロボット導入で変わる物流現場の最新事例」1月28日開催_hero-1024x585.jpg,0,2,0%,27
https://logishift.net/2025/12/10/post-176/,0,1,0%,1
https://logishift.net/2025/12/12/post-272/,0,1,0%,1
https://logishift.net/2025/12/12/post-278/,0,1,0%,1
https://logishift.net/author/tarunosuke/,0,1,0%,1
https://logishift.net/category/news-global/page/2/,0,1,0%,1
https://logishift.net/2026/02/09/post-1412/,0,1,0%,3
https://logishift.net/2025/12/12/post-304/,0,1,0%,4
https://logishift.net/2025/12/24/post-808/,0,1,0%,4
https://logishift.net/category/news-global/page/3/,0,1,0%,4
https://logishift.net/2025/12/10/post-212/,0,1,0%,7
https://logishift.net/2026/01/31/post-1300/,0,1,0%,7
https://logishift.net/author/tarunosuke/page/10/,0,1,0%,7
https://logishift.net/tag/safety-bcp/,0,1,0%,7
https://logishift.net/2025/12/10/post-196/,0,1,0%,8
https://logishift.net/2026/03/01/post-1660/,0,1,0%,8
https://logishift.net/2025/12/14/post-382/,0,1,0%,9
https://logishift.net/2025/12/18/post-663/,0,1,0%,9
https://logishift.net/2025/12/18/post-690/,0,1,0%,9
https://logishift.net/2025/12/19/post-708/,0,1,0%,9
https://logishift.net/tag/subsidy/,0,1,0%,9
https://logishift.net/2025/12/14/post-452/,0,1,0%,10
https://logishift.net/2025/12/18/post-648/,0,1,0%,10
https://logishift.net/2025/12/18/post-693/,0,1,0%,10
https://logishift.net/2025/12/20/post-749/,0,1,0%,10
https://logishift.net/2025/12/30/post-856/,0,1,0%,10
https://logishift.net/2025/12/05/post-27/,0,1,0%,11
https://logishift.net/2025/12/11/post-236/,0,1,0%,11
https://logishift.net/2025/12/14/post-443/,0,1,0%,11
https://logishift.net/?cat=12,0,1,0%,11
https://logishift.net/category/logistics-dx/page/7/,0,1,0%,11
https://logishift.net/wp-content/uploads/2026/02/2026-02-16_ミスミ／パンチ工業向け3PL開始、川崎市に物流拠点統合し効率化_hero.jpg,0,1,0%,16
https://logishift.net/2025/12/15/post-505/,0,1,0%,17
https://logishift.net/author/tarunosuke/page/3/,0,1,0%,19
https://logishift.net/2026/02/09/post-1415/,0,1,0%,30
https://logishift.net/wp-content/uploads/2026/01/2026-01-05_4方向シャトルロボットで倉庫内物流を効率化。中国「ZS_Robotics」がシリーズAで数億円追加調達_hero-1024x585.jpg,0,1,0%,32
https://logishift.net/2025/12/14/post-418/,0,1,0%,33
https://logishift.net/wp-content/uploads/2026/01/2026-01-16_Bridging_the_Gap_Between_Software_RPA_and_Warehouse_Robotics_hero-1024x585.jpg,0,1,0%,33
https://logishift.net/page/3/?cat=16,0,1,0%,46
https://logishift.net/page/2/?cat=14,0,1,0%,94